Number queries,k value,Temperature value,Number correct first,Number correct second,Precision first,Recall first,Precision second,Recall second,Number improved,Number worsened,Number same
40,10,0.5,79,90,0.26333333333333336,0.016125461178512913,0.32142857142857145,0.02052079207499472,7,4,9
40,10,0.5,24,35,0.13333333333333333,0.013934224764571242,0.175,0.027155864197530865,6,5,9
40,10,0.5,35,44,0.19444444444444445,0.039171019671881455,0.22000000000000003,0.0511041046464205,7,1,12
40,10,0.5,35,41,0.19444444444444445,0.00937990874209207,0.25625,0.012269405572601906,5,3,12
40,10,0.5,47,50,0.18076923076923077,0.01571595148801031,0.25,0.023101371855048326,4,5,11
40,10,0.5,30,44,0.1875,0.013426048172680378,0.31428571428571433,0.01878299897925826,4,2,14
40,10,0.5,68,69,0.26153846153846155,0.017214332396785728,0.2653846153846154,0.01769187413382414,5,7,8
40,10,0.5,54,59,0.24545454545454548,0.03197883022674542,0.2681818181818182,0.039010300992912035,5,4,11
